<?xml version="1.0" encoding="UTF-8" standalone="yes"?>
<ns2:ExportManifest xmlns:ns2="http://www.pentaho.com/schema/">
    <ExportManifestInformation exportDate="12-02-2015 11:56:23 BRST" exportBy="admin" rootFolder="/public/" manifestVersion="2"/>
    <ExportManifestEntity path="IT4biz">
        <ExportManifestProperty>
            <EntityMetaData name="IT4biz" createdDate="2015-02-12T11:46:23.969-02:00" isFolder="true" path="IT4biz" isHidden="false" locale="en_US" title="IT4biz"/>
        </ExportManifestProperty>
        <ExportManifestProperty>
            <EntityAcl>
                <entriesInheriting>true</entriesInheriting>
                <owner>admin</owner>
                <ownerType>USER</ownerType>
            </EntityAcl>
        </ExportManifestProperty>
    </ExportManifestEntity>
    <ExportManifestEntity path="IT4biz/PDI-ODM-CE">
        <ExportManifestProperty>
            <EntityMetaData name="PDI-ODM-CE" createdDate="2015-02-12T11:46:40.695-02:00" isFolder="true" path="IT4biz/PDI-ODM-CE" isHidden="false" locale="en_US" title="PDI-ODM-CE"/>
        </ExportManifestProperty>
        <ExportManifestProperty>
            <EntityAcl>
                <entriesInheriting>true</entriesInheriting>
                <owner>admin</owner>
                <ownerType>USER</ownerType>
            </EntityAcl>
        </ExportManifestProperty>
    </ExportManifestEntity>
    <ExportManifestEntity path="IT4biz/PDI-ODM-CE/XPROJCTX-PRD-AnaliseFluxoTransformacoes.prpt">
        <ExportManifestProperty>
            <EntityMetaData name="XPROJCTX-PRD-AnaliseFluxoTransformacoes.prpt" createdDate="2015-02-12T11:47:03.934-02:00" isFolder="false" path="IT4biz/PDI-ODM-CE/XPROJCTX-PRD-AnaliseFluxoTransformacoes.prpt" isHidden="false" locale="en_US" description="Lê as tabelas de log de ETL e exibe gráficos dos fluxos e buffers de cada passo, bem como a velocidade do passo de uma transformação." title="Análise de Fluxo em Transformações"/>
        </ExportManifestProperty>
        <ExportManifestProperty>
            <EntityAcl>
                <entriesInheriting>true</entriesInheriting>
                <owner>admin</owner>
                <ownerType>USER</ownerType>
            </EntityAcl>
        </ExportManifestProperty>
    </ExportManifestEntity>
    <ExportManifestEntity path="IT4biz/PDI-ODM-CE/XPROJCTX-PRD-LogJobs.prpt">
        <ExportManifestProperty>
            <EntityMetaData name="XPROJCTX-PRD-LogJobs.prpt" createdDate="2015-02-12T11:49:02.336-02:00" isFolder="false" path="IT4biz/PDI-ODM-CE/XPROJCTX-PRD-LogJobs.prpt" isHidden="false" locale="en_US" description="Lista o log de um job selecionado" title="Log de Jobs"/>
        </ExportManifestProperty>
        <ExportManifestProperty>
            <EntityAcl>
                <entriesInheriting>true</entriesInheriting>
                <owner>admin</owner>
                <ownerType>USER</ownerType>
            </EntityAcl>
        </ExportManifestProperty>
    </ExportManifestEntity>
    <ExportManifestEntity path="IT4biz/PDI-ODM-CE/XPROJCTX-PRD-LogTransformacoes.prpt">
        <ExportManifestProperty>
            <EntityMetaData name="XPROJCTX-PRD-LogTransformacoes.prpt" createdDate="2015-02-12T11:50:46.567-02:00" isFolder="false" path="IT4biz/PDI-ODM-CE/XPROJCTX-PRD-LogTransformacoes.prpt" isHidden="false" locale="en_US" title="Log de Transformações"/>
        </ExportManifestProperty>
        <ExportManifestProperty>
            <EntityAcl>
                <entriesInheriting>true</entriesInheriting>
                <owner>admin</owner>
                <ownerType>USER</ownerType>
            </EntityAcl>
        </ExportManifestProperty>
    </ExportManifestEntity>
    <ExportManifestEntity path="IT4biz/PDI-ODM-CE/XPROJCTX-PRD-PerfilTemporal_Jobs.prpt">
        <ExportManifestProperty>
            <EntityMetaData name="XPROJCTX-PRD-PerfilTemporal_Jobs.prpt" createdDate="2015-02-12T11:51:48.122-02:00" isFolder="false" path="IT4biz/PDI-ODM-CE/XPROJCTX-PRD-PerfilTemporal_Jobs.prpt" isHidden="false" locale="en_US" description="Mostra a evolução da duração de cada job. A seleção default é o job principal. Em 8/12/14, o nome desse job é &quot;BIDIDES - KJB - Refresh do Data Vault&quot;." title="Perfil Temporal dos Jobs"/>
        </ExportManifestProperty>
        <ExportManifestProperty>
            <EntityAcl>
                <entriesInheriting>true</entriesInheriting>
                <owner>admin</owner>
                <ownerType>USER</ownerType>
            </EntityAcl>
        </ExportManifestProperty>
    </ExportManifestEntity>
    <ExportManifestEntity path="IT4biz/PDI-ODM-CE/XPROJCTX-PRD-PerfilTemporal_Transformacoes.prpt">
        <ExportManifestProperty>
            <EntityMetaData name="XPROJCTX-PRD-PerfilTemporal_Transformacoes.prpt" createdDate="2015-02-12T11:53:25.296-02:00" isFolder="false" path="IT4biz/PDI-ODM-CE/XPROJCTX-PRD-PerfilTemporal_Transformacoes.prpt" isHidden="false" locale="en_US" description="Mostra a evolução da duração de cada transformação. A seleção default é a &quot;BIDIDES - KTR - Seta Variáveis&quot;." title="Perfil Temporal das Transformações"/>
        </ExportManifestProperty>
        <ExportManifestProperty>
            <EntityAcl>
                <entriesInheriting>true</entriesInheriting>
                <owner>admin</owner>
                <ownerType>USER</ownerType>
            </EntityAcl>
        </ExportManifestProperty>
    </ExportManifestEntity>
</ns2:ExportManifest>
